EXPIRATION,CNT
7/19/2026,1
7/9/2026,1
11/22/2025,3
2/4/2024,2
2/5/2023,1
7/7/2025,3
7/10/2026,2
1/17/2026,2
12/5/2024,2
6/8/2026,2
3/12/2023,1
12/15/2024,3
9/3/2023,3
4/6/2026,1
10/14/2023,1
1/20/2024,1
9/29/2025,2
5/15/2026,3
2/6/2025,2
6/9/2024,3
3/13/2025,3
1/18/2024,1
12/18/2025,2
2/3/2026,2
8/19/2024,3
3/2/2024,2
12/12/2025,3
10/19/2025,2
1/25/2025,2
4/4/2024,3
7/9/2025,1
9/22/2023,1
9/23/2023,2
4/22/2023,1
3/29/2026,1
9/30/2023,2
8/16/2024,1
1/9/2025,2
11/12/2023,1
3/16/2025,6
6/22/2025,1
10/31/2024,2
5/24/2026,2
11/14/2025,3
12/14/2023,1
4/10/2025,1
6/1/2026,2
11/3/2024,5
7/1/2025,1
10/18/2025,1
8/11/2025,2
1/26/2025,3
4/25/2024,4
5/25/2024,2
10/29/2023,7
3/14/2025,2
5/16/2025,2
4/3/2024,1
4/25/2026,3
2/24/2023,1
9/9/2024,4
11/16/2024,1
4/8/2025,6
5/9/2024,3
4/5/2025,2
11/14/2024,4
9/26/2024,1
4/20/2024,1
1/15/2026,1
4/4/2026,4
3/8/2026,1
5/2/2021,1
7/18/2024,2
12/28/2025,1
4/14/2024,2
3/24/2025,4
3/15/2026,1
1/30/2026,3
12/8/2025,1
1/27/2025,1
8/13/2023,1
4/21/2024,7
2/26/2023,1
12/2/2023,1
4/9/2026,1
5/11/2023,1
4/6/2025,1
6/5/2026,3
4/27/2024,3
6/26/2025,2
4/3/2025,2
4/8/2026,1
10/8/2025,1
5/2/2025,2
10/7/2024,2
10/23/2025,2
10/6/2020,1
5/4/2025,2
5/2/2026,2
1/5/2024,1
5/30/2026,2
6/21/2026,3
7/1/2024,1
6/22/2024,2
9/12/2024,2
3/7/2024,2
3/21/2026,1
12/3/2025,1
4/28/2023,1
3/28/2026,1
8/28/2024,1
6/16/2024,1
6/27/2024,1
11/25/2023,1
4/26/2026,1
6/15/2026,1
7/14/2025,3
8/30/2025,1
2/1/2024,3
9/6/2023,1
4/3/2026,1
10/7/2023,1
2/25/2024,4
1/24/2026,1
7/14/2026,1
6/30/2025,1
3/13/2024,2
8/2/2023,2
9/13/2023,1
12/27/2025,2
9/20/2023,2
6/9/2025,1
10/1/2023,4
1/12/2023,1
6/28/2024,1
8/4/2026,1
7/11/2023,1
9/27/2023,2
2/5/2024,1
12/13/2023,2
6/4/2026,2
3/30/2020,1
3/3/2025,2
8/4/2023,2
4/19/2026,1
8/19/2023,1
11/22/2023,1
3/25/2026,1
11/21/2025,1
11/29/2025,1
4/29/2024,2
4/30/2024,2
10/11/2025,1
11/28/2024,3
11/3/2023,4
6/11/2026,2
4/15/2026,1
6/23/2024,2
6/6/2024,1
12/1/2025,3
7/18/2026,3
3/18/2026,1
4/23/2024,2
2/15/2023,2
6/28/2026,1
12/17/2023,1
3/4/2025,1
9/12/2025,3
11/20/2023,1
4/5/2024,3
3/23/2025,1
6/17/2025,4
7/26/2021,1
10/19/2023,2
8/20/2024,1
2/2/2025,2
10/11/2023,1
3/8/2025,1
3/21/2025,1
2/26/2026,4
3/16/2024,2
8/12/2024,3
7/12/2025,1
3/4/2026,1
4/15/2025,2
2/4/2023,1
10/26/2025,1
2/8/2025,3
6/16/2025,3
8/23/2025,1
11/1/2024,2
9/6/2025,4
6/3/2026,1
1/5/2026,1
9/2/2024,1
2/24/2026,3
1/20/2025,3
5/30/2025,2
9/20/2025,2
10/27/2025,1
1/7/2024,1
5/9/2025,1
11/19/2024,1
4/17/2026,1
4/16/2023,1
8/25/2024,1
10/5/2025,2
9/3/2024,1
8/15/2023,2
6/21/2025,1
1/23/2024,1
9/20/2024,2
2/15/2025,1
3/26/2026,1
10/10/2025,2
9/27/2024,3
8/22/2025,2
2/1/2026,1
11/8/2025,1
8/25/2023,1
7/5/2026,1
5/24/2023,1
3/5/2026,2
5/20/2026,2
8/6/2025,1
3/26/2025,2
7/6/2025,1
9/9/2023,1
11/2/2023,1
3/15/2023,1
6/11/2025,1
9/21/2025,3
1/28/2024,1
5/3/2024,1
7/31/2024,1
6/14/2024,1
12/15/2025,1
10/2/2025,3
8/6/2024,2
1/14/2025,2
12/20/2025,1
4/30/2026,1
8/29/2024,1
2/22/2024,1
10/14/2025,1
1/19/2026,2
1/10/2024,2
3/17/2026,1
12/28/2024,1
1/7/2026,1
1/14/2024,2
8/10/2025,1
7/2/2024,2
8/16/2023,1
4/28/2025,2
1/9/2026,1
4/24/2024,1
10/12/2025,2
5/5/2024,3
11/7/2024,1
6/9/2026,1
6/28/2025,1
1/12/2026,1
4/2/2024,1
12/3/2023,2
8/18/2025,2
12/7/2025,2
6/22/2026,1
8/16/2025,1
1/22/2026,1
2/10/2024,1
5/10/2026,1
5/22/2025,2
3/13/2026,2
10/5/2023,1
5/24/2024,1
2/15/2026,1
5/7/2026,1
12/10/2023,1
3/23/2026,1
3/25/2024,1
8/26/2023,1
7/27/2025,2
4/22/2020,1
11/11/2025,2
10/26/2024,1
2/17/2023,1
8/30/2023,1
11/1/2025,1
7/11/2025,1
1/6/2025,1
11/6/2024,1
6/14/2023,1
4/26/2024,2
8/19/2025,1
3/10/2026,1
12/27/2023,1
11/17/2024,1
9/29/2024,1
6/7/2025,1
8/27/2025,1
6/12/2025,1
2/11/2025,2
7/8/2025,1
1/27/2024,2
5/29/2024,1
8/15/2025,1
5/31/2024,1
1/11/2025,1
2/24/2025,1
2/2/2026,3
10/11/2024,1
4/18/2026,1
4/28/2024,2
8/2/2025,1
3/1/2025,1
2/7/2024,1
9/18/2023,1
8/20/2023,1
10/15/2023,2
6/13/2025,1
6/12/2026,1
5/5/2026,1
9/30/2024,1
10/13/2024,1
6/18/2025,1
8/12/2023,1
4/16/2025,1
7/9/2024,1
11/5/2024,1
8/8/2025,1
3/30/2026,1
6/19/2026,1
10/16/2023,1
4/21/2025,1
1/22/2023,1
12/31/2023,1
5/21/2023,1
2/7/2025,1
7/28/2024,1
3/2/2026,1
6/4/2025,1
9/11/2025,1
4/29/2025,1
